{"accuracy": [0.7714285850524902, 0.7624397873878479, 0.7951846122741699, 0.7996789813041687, 0.7967897057533264, 0.8131621479988098, 0.8221508860588074, 0.8253611326217651, 0.8343499302864075, 0.8443017601966858, 0.8484750986099243, 0.8333868384361267, 0.8471910357475281, 0.8526484966278076, 0.8609951734542847, 0.8616372346878052, 0.8680577874183655, 0.869983971118927, 0.8712680339813232, 0.866131603717804, 0.8738362789154053, 0.8780096173286438, 0.8882824778556824, 0.8776885867118835, 0.8844301700592041, 0.8844301700592041, 0.8979133367538452, 0.9027287364006042, 0.8927769064903259, 0.9158908724784851, 0.9004815220832825, 0.9075441360473633, 0.9033707976341248, 0.9062600135803223, 0.9075441360473633, 0.9171749353408813, 0.9139646887779236, 0.9120385050773621, 0.9162119030952454, 0.9165329337120056, 0.9030497670173645, 0.9261637330055237, 0.9113964438438416, 0.9168539047241211, 0.9248796105384827, 0.9075441360473633, 0.9216693639755249, 0.9210273027420044, 0.9248796105384827, 0.9380417466163635], "loss": [1.068505883216858, 1.3855371475219727, 0.89137202501297, 0.9671071767807007, 1.1384090185165405, 0.8588418364524841, 0.7835736870765686, 0.8689371347427368, 0.9259363412857056, 0.8723975419998169, 0.8827196955680847, 0.9548647999763489, 0.7236596941947937, 0.783254086971283, 0.7406362891197205, 0.7316799163818359, 0.7358534932136536, 0.6862823367118835, 0.7359651923179626, 0.8004828691482544, 0.8252283930778503, 0.7200226783752441, 0.6453585624694824, 0.7251035571098328, 0.712755560874939, 0.6693407893180847, 0.5984379053115845, 0.5726340413093567, 0.6441935896873474, 0.5907749533653259, 0.6088284254074097, 0.6130133271217346, 0.5669956207275391, 0.6268066167831421, 0.6770114898681641, 0.5632087588310242, 0.5280526876449585, 0.6230096817016602, 0.6193138957023621, 0.5996465682983398, 0.7973349094390869, 0.5478625297546387, 0.6883835792541504, 0.625488817691803, 0.5039222240447998, 0.8204484581947327, 0.5974292159080505, 0.5881543755531311, 0.6622341275215149, 0.5298558473587036], "val_accuracy": [0.8262107968330383, 0.9002848863601685, 0.8689458966255188, 0.8262107968330383, 0.8632478713989258, 0.9230769276618958, 0.8660968542098999, 0.9230769276618958, 0.9230769276618958, 0.9259259104728699, 0.8490028381347656, 0.9116809368133545, 0.9316239356994629, 0.9116809368133545, 0.9430199265480042, 0.9373219609260559, 0.934472918510437, 0.94017094373703, 0.7863247990608215, 0.94017094373703, 0.9487179517745972, 0.9430199265480042, 0.9373219609260559, 0.9544159770011902, 0.9316239356994629, 0.9430199265480042, 0.934472918510437, 0.945868968963623, 0.9515669345855713, 0.9515669345855713, 0.94017094373703, 0.9173789024353027, 0.9544159770011902, 0.9430199265480042, 0.9572649598121643, 0.9430199265480042, 0.9287749528884888, 0.9572649598121643, 0.9373219609260559, 0.8176637887954712, 0.9544159770011902, 0.8860399127006531, 0.9544159770011902, 0.9572649598121643, 0.9031339287757874, 0.9572649598121643, 0.9629629850387573, 0.9515669345855713, 0.9487179517745972, 0.9544159770011902], "val_loss": [1.2041090726852417, 1.187526822090149, 1.488150715827942, 1.59745192527771, 1.478670597076416, 0.995941698551178, 1.2763915061950684, 0.9420129656791687, 1.1153303384780884, 1.0701817274093628, 1.676140546798706, 1.3432409763336182, 1.4457463026046753, 1.1859846115112305, 1.1794031858444214, 1.1047178506851196, 1.301810383796692, 1.076745867729187, 3.0132336616516113, 1.1939244270324707, 1.2654788494110107, 1.5451164245605469, 1.1004236936569214, 1.2254146337509155, 1.0255612134933472, 1.1237863302230835, 1.5249615907669067, 1.2517833709716797, 1.1676666736602783, 1.2342042922973633, 1.1931613683700562, 1.54938542842865, 1.545432448387146, 1.7586909532546997, 1.3295478820800781, 1.2710362672805786, 1.9372718334197998, 1.4067082405090332, 1.5999258756637573, 3.1535725593566895, 1.676323652267456, 1.9464199542999268, 1.8010690212249756, 1.4319921731948853, 1.7129257917404175, 1.4440538883209229, 1.3598283529281616, 1.8001819849014282, 1.5264036655426025, 2.183835983276367]}